Sex,First Name,Last Name,Type,email,Mobile Phone,Organisation,Acronym,Office Phone,Skype,Office
Mr.,Frank,Bone,Staff,frank@lacity.org,,Los Angeles Emergency Management Department,EMD,,,Incident Command Post
Mr.,Joe,Bloggs,OrgVol,joe@example.com,,American Red Cross of Greater Los Angeles,ARC,,,"Chapter Headquarters, West District Office"
Mr.,Jeff,Wayne,OrgVol,jeff@example.com,,CERT Los Angeles,CERT,,,
Ms.,Jane,Doe,Volunteer,jane@example.com,,,,,,
Mr.,Jim,Jones,Volunteer,jim@example.com,,,,,,
Ms.,Cecilia,Key,Volunteer,cecilia.key@example.com,,,,,,
Ms.,Emerald,Potter,Volunteer,emerald.potter@example.com,978-567-8745,,,,,
Ms.,Bethany,Poole,Volunteer,bethany.poole@example.com,,,,,,
Ms.,Odette,Combs,Volunteer,odette.combs@example.com,,,,,,
Ms.,Mia,Rivera,Volunteer,mia.rivera@example.com,,,,,,
Ms.,Phyllis,Peck,Volunteer,phyllis.peck@example.com,,,,,,
Ms.,Maile,Strickland,Volunteer,maile.strickland@example.com,,,,,,
Ms.,Martena,Richards,Volunteer,martena.richards@example.com,,,,,,
Ms.,Echo,Obrien,Volunteer,echo.obrien@example.com,,,,,,
Ms.,Sandra,Mckay,Volunteer,sandra.mckay@example.com,,,,,,
Ms.,Willow,Owens,Volunteer,willow.owens@example.com,,,,,,
Ms.,Wanda,Mullen,Volunteer,wanda.mullen@example.com,,,,,,
Ms.,Alana,Ellison,Volunteer,alana.ellison@example.com,,,,,,
Ms.,Pascale,Snow,Volunteer,pascale.snow@example.com,,,,,,
Ms.,Josephine,Wallace,Volunteer,josephine.wallace@example.com,,,,,,
Ms.,Adrienne,Miller,Volunteer,adrienne.miller@example.com,,,,,,
Ms.,Jasmine,Evans,Volunteer,jasmine.evans@example.com,,,,,,
Ms.,Hilda,Levine,Volunteer,hilda.levine@example.com,,,,,,
Ms.,Adena,Blankenship,Volunteer,adena.blankenship@example.com,,,,,,
Ms.,Ora,Newton,Volunteer,ora.newton@example.com,,,,,,
Ms.,Shelley,James,Volunteer,shelley.james@example.com,,,,,,
Ms.,Iliana,Hurley,Volunteer,iliana.hurley@example.com,,,,,,
Ms.,Hedda,Aguirre,Volunteer,hedda.aguirre@example.com,,,,,,
Ms.,Daryl,Mcleod,Volunteer,daryl.mcleod@example.com,,,,,,
Ms.,Natalie,Bates,Volunteer,natalie.bates@example.com,,,,,,
Ms.,Constance,Moon,Volunteer,constance.moon@example.com,,,,,,
Ms.,Petra,Carrillo,Volunteer,petra.carrillo@example.com,,,,,,
Ms.,Fiona,Reynolds,Volunteer,fiona.reynolds@example.com,,,,,,
Ms.,Ivory,Avery,Volunteer,ivory.avery@example.com,,,,,,
Ms.,Marcia,Stokes,Volunteer,marcia.stokes@example.com,,,,,,
Ms.,Wynter,Miller,Volunteer,wynter.miller@example.com,,,,,,
Ms.,Kerry,Harris,Volunteer,kerry.harris@example.com,,,,,,
Ms.,Tara,Stafford,Volunteer,tara.stafford@example.com,,,,,,
Ms.,Vanna,Tucker,Volunteer,vanna.tucker@example.com,,,,,,
Ms.,Wendy,Moses,Volunteer,wendy.moses@example.com,,,,,,
Ms.,Lilah,Roth,Volunteer,lilah.roth@example.com,,,,,,
Ms.,Britanney,Webb,Volunteer,britanney.webb@example.com,,,,,,
Ms.,Elaine,Jacobson,Volunteer,elaine.jacobson@example.com,,,,,,
Ms.,Wynne,Justice,Volunteer,wynne.justice@example.com,,,,,,
Ms.,Audra,Morin,Volunteer,audra.morin@example.com,,,,,,
Mr.,Jonas,Fernandez,Volunteer,jonas.fernandez@example.com,,,,,,
Mr.,Dennis,Farmer,Volunteer,dennis.farmer@example.com,,,,,,
Mr.,Harlan,Mathis,Volunteer,harlan.mathis@example.com,,,,,,
Mr.,Allistair,Simon,Volunteer,allistair.simon@example.com,,,,,,
Mr.,Kirk,Murray,Volunteer,kirk.murray@example.com,,,,,,
Mr.,Noble,Mack,Volunteer,noble.mack@example.com,,,,,,
Mr.,Derek,Dean,Volunteer,derek.dean@example.com,,,,,,
Mr.,Wade,Cole,Volunteer,wade.cole@example.com,,,,,,
Mr.,Beau,Stephens,Volunteer,beau.stephens@example.com,,,,,,
Mr.,Beau,Barnett,Volunteer,beau.barnett@example.com,,,,,,
Mr.,Jerome,Nicholson,Volunteer,jerome.nicholson@example.com,,,,,,
Mr.,Ryder,Moreno,Volunteer,ryder.moreno@example.com,,,,,,
Mr.,Leo,Brady,Volunteer,leo.brady@example.com,,,,,,
Mr.,Blake,Mcbride,Volunteer,blake.mcbride@example.com,,,,,,
Mr.,Kennedy,Cole,Volunteer,kennedy.cole@example.com,,,,,,
Mr.,Colby,Burgess,Volunteer,colby.burgess@example.com,,,,,,
Mr.,Hu,Kinney,Volunteer,hu.kinney@example.com,,,,,,
Mr.,George,Tillman,Volunteer,george.tillman@example.com,,,,,,
Mr.,Ashton,Holmes,Volunteer,ashton.holmes@example.com,,,,,,
Mr.,Otto,Nichols,Volunteer,otto.nichols@example.com,,,,,,
Mr.,Baxter,Jarvis,Volunteer,baxter.jarvis@example.com,,,,,,
Mr.,Colby,Hall,Volunteer,colby.hall@example.com,,,,,,
Mr.,Nash,Chen,Volunteer,nash.chen@example.com,,,,,,
Mr.,Kasper,Ross,Volunteer,kasper.ross@example.com,,,,,,
Mr.,Alvin,Myers,Volunteer,alvin.myers@example.com,,,,,,
Mr.,Ryan,Marsh,Volunteer,ryan.marsh@example.com,,,,,,
Mr.,Elmo,Nolan,Volunteer,elmo.nolan@example.com,,,,,,
Mr.,Christopher,Warner,Volunteer,christopher.warner@example.com,,,,,,
Mr.,Plato,Fry,Volunteer,plato.fry@example.com,,,,,,
Mr.,Jerry,Good,Volunteer,jerry.good@example.com,,,,,,
Mr.,Jamal,Pugh,Volunteer,jamal.pugh@example.com,,,,,,
Mr.,Hu,Wilkerson,Volunteer,hu.wilkerson@example.com,,,,,,
Mr.,Curran,Spencer,Volunteer,curran.spencer@example.com,,,,,,
Mr.,Stewart,Fuentes,Volunteer,stewart.fuentes@example.com,,,,,,
Mr.,Drake,Mercer,Volunteer,drake.mercer@example.com,,,,,,
Mr.,Yoshio,Hartman,Volunteer,yoshio.hartman@example.com,,,,,,
Mr.,Baxter,Cotton,Volunteer,baxter.cotton@example.com,,,,,,
Mr.,Porter,Rosa,Volunteer,porter.rosa@example.com,,,,,,
Mr.,Gabriel,Gibson,Volunteer,gabriel.gibson@example.com,,,,,,
Mr.,Kevin,Hess,Volunteer,kevin.hess@example.com,,,,,,
